Хинкали	"Хинка́ли (груз. ხინკალი) — блюдо грузинской кухни из горных областей Пшави, Мтиулети и Хевсурети Грузии, получившее распространение в других районах Кавказа и по всему бывшему СССР. Разновидность дамплингов.
Грузинские хинкали по составу и способу приготовления существенно отличаются от дагестанского и азербайджанского хинкала, который представляет собой иной тип блюда. Вместе с тем, само слово хинкали, по мнению специалистов, имеет аварскую этимологию и восходит к форме множественного числа ххинкI-ал аварского существительного ххинкI."	wiki/hinkali.jpg
Буйабес	Буйабе́с (также буйабесс, в России может применяться наименование «марсельская уха»; фр. Bouillabaisse) — блюдо французской кухни, многокомпонентный рыбный суп, характерный для средиземноморского побережья Франции. Является оригинальным провансальским рыбным супом, наиболее распространён в Марселе. Первоначально это блюдо было распространено среди рыбаков и приготавливалось из остатков нераспроданной за день различной рыбы. Однако впоследствии рецепт усложнился, появилось множество дорогостоящих разновидностей. Также подобные блюда распространены как во французских региональных кухнях, так и в кулинарных традициях других стран.	wiki/bujabes.jpg
Мясо по-французски	"Мясо по-французски  («Мясо по-капитански», «Дипломат», «По-домашнему» или «Сюрприз») — блюдо, приготовленное из слоёв мяса (первоначально телятина, позднее также свинина или говядина), картофеля и сыра.
Во всём мире, кроме постсоветского пространства, называется «мясом по-Орловски» (дословно «телятина Орлов» - Veau Orloff), поскольку создатель блюда, француз Урбен Дюбуа (1818-1901), был поваром графа Алексея Орлова (1787-1862), ближайшего соратника императора Николая Первого.
«Телятина по-Орловски» представляет собой запеканку из телятины, картофеля и грибов, запеченных под соусом бешамель с добавлением сыра. В упрощённой версии, называемой «мясом по-французски», исчезли грибы, а мясная составляющая стала чаще всего включать свинину или говядину, нередко в виде фарша; соус бешамель заменен сливками, сметаной или, в крайнем случае, купленным в магазине майонезом.
Существуют разные варианты приготовления блюда, где может меняться расположение слоёв, состояние продуктов (предварительная обжарка) и формы нарезки (мясо ломтями).
Подавать мясо по-французски принято, нарезая порции, захватывая снизу кусок мяса, и аккуратно перекладывая его на тарелку, чтобы не нарушить целостность слоев.
Во Владивостоке мясо, запеченное под картофельной шубой, именуют «Мясом по-капитански» (чаще, однако, блюдо готовится без картофеля), а в средней полосе России — «Дипломат», «Сюрприз» или «По-домашнему».
В эльзасской кухне, на востоке Франции, существует блюдо под названием «Бекеоффе». В него также входят слои из кусков мяса, картофеля и моркови, но без сыра."	wiki/myaso-po-frantsuzski.jpg
Поке	Поке (гав. poke [ˈpoke] — нарезать, резать на куски) — блюдо гавайской кухни, сырая рыба, нарезанная кубиками, которую подают или как закуску, или как основное блюдо. Одно из основных блюд гавайской кухни. Как правило, для приготовления поке используют или осьминога, или тунца. Блюдо с осьминогом обычно называют Тако Поке (за исключением острова Ниихау, на котором говорят на гавайском языке). Тунец, используемый в блюде, как правило, желтопёрый. В другие варианты поке добавляют сырой лосось или моллюсков. Блюдо подают с сыром и тыквенными приправами (рыба подаётся в сыром виде).	wiki/poke.jpg
Бефстроганов	Бефстро́ганов (от фр. Bœuf Stroganoff — «говядина по-строгановски»; также «Беф-Строганов», «Беф а ля Строганов», мясо по-строгановски) — популярное в России блюдо, названное в честь графа Александра Григорьевича Строганова. Готовится из мелко нарезанных кусочков говядины (тонкие квадратики), залитых горячим сметанным соусом.	wiki/befstroganov.jpg
Харчо	"Харчо́ (груз. ხარჩო, дзрохис хорци харшот — говяжий суп) — национальный грузинский суп из говядины с рисом, грецкими орехами и тклапи или кислым соусом ткемали. Суп очень пряный, острый, с обилием чеснока и зелени (прежде всего, кинзы) и намного гуще, чем прочие супы, к которым применяется правило «в супе должна быть половина жидкости». Существует даже радикальная точка зрения: «настоящий харчо — это не суп, а напоминающее по текстуре карри полноценное горячее блюдо»Характерным отличительным признаком этого национального грузинского блюда от других мясных супов является использование при приготовлении только говядины (в основном грудинки, или, реже, рульки), сливы ткемали и тёртых грецких орехов. По «классическому» рецепту эти три компонента нельзя убрать из блюда или заменить другими. И хотя часто, при указании рецепта харчо, конкретизируют, какой местности Грузии принадлежит рецепт (есть супы-харчо по-грузински, по-мегрельски и т. д.), но его суть — острый говяжий суп с тклапи и орехами, остается неизменной.
Однако в обыденной кухне допускается замена тклапи (кусок которого отламывают от его огромного коржа — лавашана, размачивают и добавляют в харчо, или другие блюда; в рецептах харчо часто можно встретить — «тклапи, кусок как ладонь») на свежую алычу, соус ткемали, гранатовый сок или помидоры и томат-пасту.
Суп харчо стал популярным блюдом в советских столовых и в домашней кухне на Кубани."	wiki/harcho.jpg
Суп	Суп (от фр. soupe) — блюдо, в составе которого содержится не менее 50 % жидкости. Суп — важная составная часть пищи человека, служащая источником энергии и материалом для построения органов и тканей тела. Супы содержат много растворённых белков, жиров, углеводов и экстрактивных веществ, которые легко перевариваются и хорошо усваиваются организмом.	wiki/sup.jpg
Паэлья	"Паэ́лья (кат. Paella [paˈeʎa], произносится «паэйа») — национальное испанское (валенсийское) блюдо из риса, подкрашенного шафраном, с добавлением оливкового масла. Кроме этого в паэлью могут добавляться морепродукты, овощи, курица. Название происходит от латинского слова patella — «сковорода». Популярность этого блюда в настоящее время обусловлена тем, что, применительно к различным регионам испанской кухни, существует множество рецептов приготовления паэльи. Сами испанцы утверждают, что их свыше трёхсот. Классическая паэлья, помимо риса, включает в себя 6—7 видов рыбы и морепродуктов, курицу, белое вино, зелень и специи. В некоторых регионах Испании готовится паэлья из фасоли.
Традиционно подается по воскресеньям или в день святого Иосифа (19 марта).
Многие люди, не являющиеся испанцами, рассматривают паэлью как национальное испанское блюдо, но большинство самих испанцев считают, что это блюдо исключительно Валенсии. Валенсианцы считают паэлью символом своего региона. Сегодня редко можно найти испанский ресторан, в меню которого нет этого блюда. За XX век его популярность так сильно возросла, что сегодня паэлью можно найти почти во всех ресторанах Европы. Результатом такого интереса к паэлье стало появление всевозможных вариантов приготовления этого блюда, от оригинального валенсийского рецепта до таких разновидностей как паэлья с морепродуктами (paella de marisco) и смешанная паэлья (paella mixta), существуют также и многие другие виды.

"	wiki/paelya.jpg
Позы	По́зы (бур. бууза, монг. бууз) —  традиционное бурятское  и монгольское блюдо, также популярное в Иркутской области и Забайкальском крае.	wiki/pozyi.jpg
Бигос	"Би́гос (польск. bigos, лит. bigos, укр. бігос, белор. бігас), также би́гус (нем. Beiguss) — традиционное для украинской, белорусской, польской, латышской и литовской кухни второе блюдо из квашеной капусты и мяса. В России часто называют солянка (не путать с одноимённым супом).
Этимология: есть три варианта происхождения этого слова.

от латинского слова bigustus, где bi значит два, а gustus значит вкус, потому как бигос соединяет в себе кислый и сладкий вкусы
от итальянского bigutta котёл
от немецкого Beiguss, потому что при готовке нужно доливать воду время от времени, а это слово и обозначает доливБигос считается исконно польским блюдом, однако существует версия, что оно было «импортировано» из Великого княжества Литовского в Польшу королём Владиславом Ягайло, любившим отведать его на охотничьих привалах.
Существует множество вариантов приготовления блюда. Обычно используется смесь свежей белокочанной и квашеной капусты, свинина или дичь в качестве мяса, копчёная колбаса, подчеревина (свиное сало с большим включением мяса). В блюдо также добавляют лесные грибы, чернослив, красное вино, томаты, различные пряности (часто тмин, чёрный перец, лавровый лист). Основные мясные и растительные ингредиенты готовятся по отдельности (капуста тушится, мясо и колбаса — обжариваются), затем смешиваются и тушатся вместе.
Готовое блюдо имеет густую консистенцию, слегка кисловатый вкус и запах копчёностей. Подают бигос горячим с хлебом, белым или чёрным, зачастую — под водку.
Поскольку блюдо не теряет вкусовых качеств при разогревании, его часто готовят в больших количествах в объёмной посуде, а потом замораживают. На стол блюдо, как правило, подают в той же посуде, в которой готовят; рекомендуется перед каждой подачей на стол разогревать не только то, что будет съедено, а весь объём блюда прямо в этой посуде; считается, что при каждом разогревании оно «доходит» и вкусовые качества улучшаются.
Блюду посвящён отрывок знаменитой поэмы Мицкевича «Пан Тадеуш» (Глава IV, «Дипломатия и охота»); он начинается со строк: «W kociołkach bigos grzano; w słowach wydać trudno bigosu smak przedziwny, kolor i woń cudną» («В котелках бигос грели; в словах передать трудно бигоса вкус предивный, цвет и запах чудесный»)."	wiki/bigos.jpg
Шарлотка	Шарлотка (от фр. Charlotte) — сладкий десерт из яблок, запечённых в тесте. Классическая шарлотка — это немецкое сладкое блюдо, приготовленное из белого хлеба, заварного крема, яиц, фруктов и ликёра.	wiki/sharlotka.jpg
Голубцы	"Голубцы́ — блюдо, распространённое в разных кухнях мира, представляющее собой мясной или овощной фарш с отваренными рисом и/или гречневой крупой, завёрнутый в капустные листья. Существуют разновидности с различными начинками. Блюда, состоящие из начинки, завёрнутой в капустный лист, широко распространены в Северной, Центральной и Восточной Европе, в Турции, Азербайджане, Армении, на Балканах, в Казахстане, Молдавии, странах Средней Азии, Северной Африке, Китае и Корее.
Заворачивание голубцов — трудоёмкий процесс, существует более простой вариант голубцов — ленивые голубцы, приготовление которых требует меньше времени. Традиционно ленивые голубцы готовят в кастрюле, казане или в духовке. Существует множество рецептов приготовления ленивых голубцов, главным различием которых является консистенция готового блюда."	wiki/golubtsyi.jpg
Рататуй	Ратату́й (фр. ratatouille; от «rata» — еда в просторечии и гл. «touiller» — мешать, помешивать) — традиционное овощное блюдо прованской кухни из перца, баклажанов и кабачков, во многом похожее на венгерское лечо.	wiki/ratatuj.jpg
Лазанья	"Лаза́нья (итал. lasagne) — макаронное изделие, тонкий лист теста в форме квадрата или прямоугольника, а также  блюдо итальянской кухни, традиционно приготовляемое из тонких листов теста (собственно и называющихся лазанья) со слоями различной начинки. По-итальянски, блюдо, в отличие от используемых для него макаронных изделий, может называться лаза́нья аль фо́рно (итал. lasagne al forno). 
Наиболее традиционной начинкой для лазаньи считается начинка на основе рагу с мясным фаршем, залитым соусом бешамель и посыпанным сыром пармезан. Однако в региональных вариантах начинка может быть, в частности, из помидоров, шпината, прочих овощей, соуса болоньезе, сыров моцарелла или рикотта, фактически же набор начинок неограничен."	wiki/lazanya.jpg
Эчпочмак	"Эчпочма́к, учпочма́к, усбосма́к (башк. өсбосмаҡ, тат. өчпочмак — «треугольник») — башкирское и татарское национальное блюдо, печёное изделие из дрожжевого, реже пресного теста, с начинкой из картофеля, мяса, как правило, говядины, баранины, гуся или утки и лука.
Наряду с «чак-чаком» треугольник — одна из визитных карточек республик и наиболее распространенная «кулинарная» ассоциация с ними среди жителей России. Без «треугольников» не обходится ни одно торжественное застолье, их подают практически во всех ресторанах, кафе и столовых, а также в обычных продовольственных магазинах."	wiki/echpochmak.jpg
Сюрстрёмминг	"Сюрстрёмминг (швед. surströmming, произносится как сюштрёммин) — шведский национальный продукт, представляющий собой консервированную квашеную сельдь. Слово surströmming состоит из слов sur и strömming, причём sur — «кислый», «квашеный» — происходит от прагерм. *sūraz — «кислый» и родственно нем. sauer, англ. sour и проч., а strömming в переводе со шведского означает «балтийская сельдь».

"	wiki/syurstryomming.jpg
Макароны «по-флотски»	Макаро́ны «по-фло́тски» — кулинарное блюдо, основными ингредиентами которого являются отварные макароны и обжаренное тушёное мясо или фарш с опциональным добавлением соли, перца и репчатого лука.	wiki/makaronyi-po-flotski.jpg
Оссобуко	"Оссобуко, оссо буко или осси-букки (итал. osso buco) — традиционное блюдо кухни Ломбардии, представляющее собой тушёную телячью голяшку, а также название используемого для этого блюда мясного полуфабриката.
Оссобуко означает буквально «полая кость» (от итал. osso — «кость» и buco — «дыра»), поскольку кость вместе с мозгом являются составной частью блюда.

Для приготовления оссобуко по-милански используют телячью голяшку, овощи и специи. Готовое блюдо обычно подают с ризотто по-милански (ризотто с добавлением шафрана), полентой, также с другими видами ризотто или пастой.
Хотя традиционным мясом для оссобуко является телятина, сейчас можно встретить также оссобуко из свинины и баранины."	wiki/ossobuko.jpg
Пельмени	Пельме́ни (ед. ч. пельме́нь) — блюдо в виде отварных изделий из пресного теста с начинкой из рубленого мяса или рыбы, попавшее в русскую кухню с Урала.	wiki/pelmeni.jpg
Хаш	Хаш (азерб. xaş, арм. խաշ, груз. ხაში, осет. хас) — жидкое горячее блюдо, суп, распространённое по всему Кавказу и Закавказью.	wiki/hash.jpg
Чахохбили	"Чахохби́ли (груз. ჩახოხბილი) — рагу из птицы, национальное грузинское блюдо.
Первоначально делалось из фазана (груз. ხოხობი — [хохоби]), но в настоящее время из любого мяса птицы, а особенно домашней курицы.
Кушанье приготавливается из кусочков филе птицы, тушёных в томатном соусе, с добавлением специй и чеснока. Характерной особенностью чахохбили является предварительное (до тушения) так называемое сухое обжаривание птицы в течение 15 минут без добавления какого-либо жира.Иногда при приготовлении этого блюда вода не добавляется, влага в блюде используется только из овощей, преимущественно лука. Остальное — интерпретации поваров."	wiki/chahohbili.jpg
Борщ	"Борщ — разновидность супа на основе свёклы, которая придаёт ему характерный красный цвет.
В словаре В. И. Даля — род щей, похлебка из свекольной кваши, на говядине и свинине или со свиным салом. Традиционное блюдо восточных славян, основное первое блюдо украинской кухни.
Является традиционным блюдом славянской кухни, имеющимся под сходными названиями у большинства славянских народов. Получило широкое распространение во многих национальных кухнях: это блюдо есть у русских, украинцев (укр. борщ), белорусов (бел. боршч), поляков (barszcz «баршч»), литовцев (barščiai «барщчяй»), румын (borş «борш») и молдаван (борш, borş)."	wiki/borsch.jpg
Сельдь под шубой	«Сельдь под шу́бой» — салат из сельди и овощей, распространённый в России и странах бывшего СССР. Примерно с середины 1970-х годов этот салат стал традиционным блюдом для праздничного и новогоднего стола.	wiki/seld-pod-shuboj.jpg
Котлета по-киевски	"Другая статья: Котлета по-киевски (речь).Котлета по-киевски — разновидность котлеты из отбивного куриного филе, в которое завёрнут кусочек  сливочного масла. Изначально масло вбивалось в котлету кулинарным молотком, что делало вкус филе сливочным, при поточном производстве масло стали просто заворачивать. Получившаяся котлета имеет эллипсоидную форму. Запекают во фритюре, предварительно дважды панируют (льезон — сухарная панировка). В масло можно добавлять тёртый сыр, грибы, зелень, яичный желток и пр. Блюдо подают на гренке.
Часто на одном конце котлеты крепят куриную косточку, на которую при подаче на стол надевается папильотка."	wiki/kotleta-po-kievski.jpg
Цыплёнок табака	"Цыплёнок табака́ (груз. წიწილა ტაბაკა «цицила тапака» сковорода с грузинского, «tabak» — «тарелка» с турецкого) — популярное блюдо турецкой и грузинской кухонь. Представляет собой курицу, зажаренную с чесноком, перцем и пряностями в местной разновидности сковороды с крышкой.
При приготовлении тушка курицы перед жаркой разворачивается и сплющивается под прессом с давлением 20-30 кПа. Как только кости курицы начнут ломаться, пресс отпускают и укладывают тушку на сковороду либо, как это было у народов Кавказа, на металлический лист, уложенный ровно на костёр. Далее курица накрывается увесистым грузом. В современной кулинарии используют особые сковороды для приготовления этого блюда, снабженные тяжёлой крышкой или винтовым прессом."	wiki/tsyiplyonok-tabaka.jpg
Шницель	"Шни́цель (нем. Schnitzel от schnitzen — нарезать) — тонкий пласт мяса, панированный и обжаренный методом глубокого погружения в раскалённое масло (фритюр). От отбивной отличается способом жарки и тем, что мясо может быть не отбито. От эскалопа — панировкой. Правильно приготовленный шницель имеет золотисто-оранжевый цвет и хрустящую корочку.
Название «шницель» первоначально относилось к блюду венской кухни, приготовленному из телятины, — венскому шницелю, распространившемуся во второй половине XIX века.
По-немецки «шницель» означает «отрезочек», «ломтик» или «стружка».
Чешский аналог шницеля — ржизек (чеш. řízek).
На данный момент встречается большое разнообразие локальных вариантов этого блюда, например, берлинский шницель, парижский шницель, охотничий шницель, гамбургский шницель, кордон блю и многие другие."	wiki/shnitsel.jpg
Плов	Плов — блюдо восточной кухни, основу которого составляет варёный рис (в исключительных случаях другая крупа или мелкие макаронные изделия). Отличительным свойством плова является его рассыпчатость, достигаемая соблюдением технологии приготовления риса и добавлением в плов животного или растительного жира, препятствующего слипанию крупинок. Посуда для подачи плова на стол называется «пловница», в Средней Азии — ляган.	wiki/plov.jpg
Хинкал	"Хинка́л — традиционное блюдо кавказской кухни, одно из наиболее популярных и в наши дни. Представляет собой вареные в мясном бульоне кусочки теста (собственно «хинкалины»), подаваемые с бульоном, варёным мясом и соусом.
Хинкал не следует путать с грузинским хинкали, представляющим собой существенно иной тип блюда."	wiki/hinkal.jpg
Нисуаз (салат)	"Сала́т нисуа́з (фр. salade niçoise) или салат с анчоусами — знаменитый кулинарный рецепт французского города Ниццы из свежих овощей, варёных яиц, анчоусов и оливкового масла. В качестве заправки в салат также добавляют лимонный сок или винный уксус.
Что касается истории происхождения салата нисуаз, существует версия, что в его создании принимал участие известный хореограф Джордж Баланчин.
Вопреки тому, что практикуется в некоторых ресторанах, в салат нисуаз, по мнению бывшего мэра Ниццы Жака Медесена, никогда не кладут ни рис, ни картофель, ни стручки зелёной фасоли, ни варёные овощи."	wiki/nisuaz-salat.jpg
Беляш	"Беляш (от тат. пәрәмәч и башк. ваҡ бәлеш), перемяч — блюдо казахской, башкирской и татарской кухни. Представляет собой жареный в масле продукт из пресного или дрожжевого теста с фаршем или мелко рубленым мясом.
Название происходит от слова бэлиш, которым в татарской и башкирской кухнях называют большой печёный пирог из пресного теста с разнообразной начинкой, чаще из мяса, нарезанного кусочками и смешанного с картофелем или в редких случаях с пшеном или рисом, иногда в виде блюда, готовящегося в горшке с «крышкой» из пресного теста.
Беляш в славянской кухне отличается добавлением в тесто яйца, а в говяжий фарш свинины, что по религиозным традициям недопустимо у исповедующих ислам татар или башкир при приготовлении перемя́ча, где может использоваться либо жирная говядина, либо баранина; по этой причине беляш, в славянской культуре, является другим блюдом.
Происхождение самого блюда до сих пор остается спором историков, так как именно северные народы чаще использовали выпечку с мясом, а большинство азиатских стран предпочитали заворачивание мяса в тесто для варки, чтобы сократить время приготовления из-за междоусобных войн.

"	wiki/belyash.jpg
Рагу	"Рагу́ (фр. ragoût; от фр. ragoûter — возбуждать аппетит) — блюдо из небольших кусочков тушёного мяса, рыбы, птицы, дичи, овощей или грибов, часто в густом соусе. Появившись как заимствованное слово для обозначения иностранного блюда, рагу закрепилось в русском языке как название подобного рода блюд. Впервые упоминается уже у Радищева.
В итальянской кухне рагу (итал. Ragù) — густой мясной или рыбный соус для пасты. От французского тёзки отличается, как правило, более измельчёнными ингредиентами. Классическим примером является ragù alla bolognese (соус болоньезе)."	wiki/ragu.jpg
Хумус	"Ху́мус (ху́ммус, хо́мус, хо́ммус; араб. حُمُّص‎) — закуска из нутового пюре, в состав которой обычно входят кунжутная паста (тахи́ни), оливковое масло, чеснок, сок лимона, паприка.
В арабском языке и на иврите слово «хумус» (‏חומוס‏‎) означает как растение нут бараний (Cicer arietinum), так и саму закуску. Широко распространён в странах Ближнего Востока, в современности получил известность во всём мире. Используется как самостоятельное блюдо, как соус, заправка для других блюд, как спред. Близкие по ингредиентам и способу приготовлению блюда — масабаха, мешауша."	wiki/humus.jpg
Холодец	"Холоде́ц (сту́день) — блюдо из сгустившегося до желеобразной массы от охлаждения мясного бульона с кусочками мяса. Известен с XVI векаХолодец не является разновидностью заливного, так как желеобразная консистенция заливных блюд является следствием использования желеобразующих веществ, таких, как желатин и агар-агар, а холодец является самостоятельным блюдом, не требующим добавок.
Холодец и студень, в общем-то, одно и то же. В основном это блюдо называют студнем в северных и северо-западных районах России, тогда как на юге и юго-востоке блюдо чаще называют холодец. Кроме того, иногда название «холодец» применяется к блюду, полученному из свиного или свино-говяжьего бульона, чтобы отличать от блюда, полученного исключительно из говяжьего бульона.
В идеале студень готовится из коровьей головы, мозгов и всех четырёх ног, однако вполне допустимо использовать только ноги, добавляя куски мяса, хвосты и т. п. В случае, если речь идёт об использовании в студне свинины, то хорошо использовать свиные уши, хвосты, ноги. В целом, для студня должны использоваться те части туши, в которых достаточно желирующих веществ.
Существуют национальные разновидности холодца, например, грузинское блюдо мужужи, молдавский студень из петуха и т. д.
От немецкого слова Sülze (студень) происходит русское «зельц», относящееся к студням. В Польше студень — это «galareta», в Белоруссии — это «халоднае», на Украине — «холодець», «драглі», в Латвии — «aukstā gaļa» или «galerts», в Румынии — «piftie» или «rǎcituri», в Болгарии — «пача», в Сербии — «пихтије», в Литве - «šaltiena», в Эстонии — «sült».
Очень часто холодец подают к столу с хреном или горчицей."	wiki/holodets.jpg
Бешбармак	"Бешбарма́к, бишбарма́к, бесбарма́к (башк. бишбармаҡ, куллама; каз. бесбармақ, нарын; каракалп. турама; кирг. бешбармак, тууралган эт, нарын; тат. бишбармак, куллама; туркм. дограма; уйг. нерин, тутмач; узб. норин) — традиционное мясо-мучное блюдо тюркоязычных народов. Бешбармак готовится, как правило, по случаю семейных праздников или приёма дорогих гостей.
В целом, блюдо представляет собой крошеное отварное мясо с лапшой, луковым соусом и некоторыми особенностями в технологии приготовления и подачи, что позволяет достичь вкуса, присущего именно этому блюду. Традиция мелко крошить мясо имеет особое значение и древние корни. Это знак уважения хозяев к гостям, особенно к пожилым (им трудно разжёвывать крупные куски). Плохо накрошенное мясо в бешбармаке расценивается как неуважение к гостям или просто как неумение готовить бешбармак.
В современном Казахстане под словом бешбармак/бесбармак ошибочно понимают блюдо, именуемое по-казахски ет (каз. ет — мясо, «мясо по-казахски»), в киргизской кухне это же блюдо называется кульчётай, а в каракалпакской гуртук.
Бешбармаком следует считать блюдо нарын, как это делается в Киргизии, так как нарын готовится из крошеного отварного мяса — обязательного ингредиента бешбармака."	wiki/beshbarmak.jpg
Тунцзыдань	"Тунцзыда́нь (кит. 童子蛋, пиньинь Tóngzǐ dàn, буквально: «яйцо мальчика») — традиционное блюдо, распространённое в провинции Чжэцзян, Китайская народная республика. Приготавливается из куриных яиц. Употребляется весной.
Для приготовления блюда, считающегося «весенним деликатесом», куриные яйца отваривают в моче, собранной исключительно у мальчиков, не достигших возраста половой зрелости. После закипания жидкости яйца извлекают из неё и надбивают скорлупу с тем, чтобы моча проникла внутрь яйца. Процесс варки занимает целый день, при выкипании мочу добавляют. Когда скорлупа растрескивается, тунцзыдань, солёный на вкус, считается готовым к употреблению.
Для сбора мочи мальчиков до 10 лет в школах региона устанавливают специальные вёдра. При этом мочиться в такие вёдра разрешается только здоровым детям.
Яйца тунцзыдань продаются с лотка; обычно по цене в два раза большей, чем цена простых крутых яиц. Моча мальчиков — традиционное средство китайской медицины. Чжэцзянцы верят в то, что деликатес имеет лекарственную ценность, действуя как жаропонижающее и кровоостанавливающее средство. Однако научная медицина этого не подтверждает.
Традиции употребления «весенних яиц» уже несколько веков. Впервые в европейской прессе она описана в 1891 году. В 2008 году тунцзыдань получил статус предмета нематериального культурного наследия провинции Чжэцзян."	wiki/tuntszyidan.jpg
Пивной суп	Пивной суп — разновидность супа, в котором наряду с водой и бульоном в качестве жидкой основы используется пиво. Известен со времён средневековья, упоминался в монастырских хрониках и его рецепты присутствуют в старинных поваренных книгах.	wiki/pivnoj-sup.jpg
Ростбиф	"Ро́стбиф (от англ. Roast beef — дословно «запеченная говядина») — блюдо английской кухни, представляющее собой запечённый в духовом шкафу большой кусок говяжьего мяса. Иногда ростбиф готовят на решётке-гриль или тушат.
Говядина считалась «национальным мясом Англии», название основного блюда из неё — «ростбиф», нередко упоминалось в литературе и несёт английские патриотические коннотации. Однако, вероятно, популярным оно становится только в XVII веке, например, ростбифа нет в книге средневековых английских рецептов Д. Хартли («Еда в Англии»)."	wiki/rostbif.jpg
Шашлык	Шашлы́к (крымскотат. шишлик, от шиш — вертел) — изначально блюдо из баранины мелкой нарезки, нанизанное на шампур и запеченное на древесном угле в мангале; при этом возможно применение маринада, от простейших специй (соль, чёрный перец, уксус) до сложных многокомпонентных составов, требующих особого приготовления. Позже название «шашлык» в русском языке распространилось на блюда из свинины, птицы, рыбы, овощей, грибов, приготовленные тем же способом.	wiki/shashlyik.jpg
Прошутто	"Прошу́тто (итал. prosciutto в переводе означает окорок) — итальянская ветчина, сделанная из окорока, натёртого солью. Самая известная разновидность прошутто — пармская ветчина не содержит никаких других дополнительных ингредиентов, кроме морской соли. В других регионах Италии используют различные специи (перец, чеснок и т. д.). Окорок высшего качества. Для него специально выращивают свиней, откармливая фруктами и кукурузой. В окрестностях Пармы их кормят сывороткой, оставшейся от производства сыра пармезан. Задние окорока свиньи сначала подвергаются сухой засолке, затем их вялят не менее десяти месяцев. Мясо после этого получается твёрдое, сухое, с особым ароматом. Прошутто не нужно обрабатывать термически, поскольку он станет сухим и жестким. Бледно-розовые, чуть блестящие тонкие ломтики прошутто добавляют в блюда в конце готовки, а чаще всего нарезают очень тонкими ломтиками и подают на стол с дыней или инжиром, или приправляют супы и похлёбки с небольшим количеством прошутто.
Прошутто делают в нескольких местностях Италии. Лучшая из них — прошутто ди парма, она же пармская ветчина, а также из Сан-Даниеле (итал. Prosciutto di San Daniele).
Из итальянской кухни блюдо позаимствовали кухни балканских народов, где оно известно под названием пршут — главное национальное блюдо Черногории."	wiki/proshutto.jpg
Щи	Щи — разновидность заправочного супа, блюдо русской кухни. Изначально щами называли разные похлёбки («шти капустны, шти борщовы, шти репяны»), позднее под словом «щи» стали подразумевать, в первую очередь, капустные щи.	wiki/schi.jpg
Долма	Долма́ (далма, дулма, дурма, толма, сарма) — блюдо, представляющее собой начинённые овощи или листья (как правило, виноградные), голубцы в виноградных листьях. Начинка обычно готовится на основе риса, может также содержать отварной мясной фарш. Долма широко распространена в кухнях народов Закавказья, Балканского полуострова, Передней и Центральной Азии, а также Северной Африки. Каждая из национальных кухонь имеет свои варианты приготовления долмы.	wiki/dolma.jpg
Гоголь-моголь	Го́голь-мо́голь — десерт, основные компоненты которого — взбитый яичный желток и сахар. Существует множество вариаций этого напитка: с добавлением вина, виски, ванилина, рома, хлеба, мёда, какао, фруктовых и ягодных соков.	wiki/gogol-mogol.jpg
Оливье (салат)	"Оливье́ — популярный в СССР и современной России праздничный салат. Фирменное блюдо ресторана «Эрмитаж» в Москве, которым с 1860-х до 1883 года руководил Люсьен Оливье.
Массовую популярность этот салат (вместе с салатами «Сельдь под шубой» и «Мимоза») начал обретать в 1960—1970-х годах, когда относительно доступными становились мясо и майонез промышленного изготовления. Пик популярности пришёлся на постсоветский период."	wiki/olive-salat.jpg
Мимоза (салат)	Мимоза — праздничный салат, появившийся в СССР в начале 1970-х. Название получил из-за внешнего сходства с цветками мимозы (акации серебристой).	wiki/mimoza-salat.jpg
Заливное	Заливное — наименование в русской национальной кухне холодного блюда из мяса или рыбы, залитого студенистым наваром.	wiki/zalivnoe.jpg
Чак-чак	Чак-ча́к (башк. сәк-сәк,тат. чәк-чәк, каз. шек-шек, кирг. чак-чак) — мучная восточная сладость из обжаренных во фритюре кусочков теста, перемешанных с медовым сиропом. Национальное кулинарное изделие башкир и татар, также блюдо киргизов, узбеков, таджиков и соседних с Башкирией и Татарстаном народов — русских Южного Урала и казахов северо-западного Казахстана.	wiki/chak-chak.jpg
Шаурма	"Шаверма́ (араб. شاورما‎ от тур. çevirme «заворачивание») — ближневосточное блюдо из мяса (курица, свинина, ягнятина, баранина, реже — телятина, индюшатина), обжаренного на вертеле, завёрнутого в лаваш, реже — в питу, с добавлением специй, соусов и салата из свежих овощей. Употребляется без использования столовых приборов.
Несмотря на то, что в современных словарях русского языка встречается только вариант написания «шаурма», в ряде регионов России, в зависимости от плотности расселения этнических диаспор, распространены также диалектные варианты «шаверма» и «шаварма», что говорит о том, что слово является недавним заимствованием (согласно данным корпуса русского языка первое упоминание относится к 1997 году) и соответственно, литературная норма ещё не закрепилась.
В некоторых регионах РФ (например, Пермский край) различают шаурму и шаверму. Так, шаурма — это мясо и овощи, завернутые в лаваш, а шаверма — это та же начинка, только положенная в полукруглый лаваш, напоминающий больше булку (так же называется узбекский лаваш).
Слово «шаверма» — это арабское произношение турецкого слова çevirme [tʃeviɾˈme], означающего заворачивание, и обозначающее гриль. Турецкий дёнер происходит от тур. dondurmek, дословно «жареное и завёрнутое мясо».
Хотя блюдо было доступно всем слоям населения, считалось низкосортной едой. Отличалось только мясом, остальная же начинка была без изменений.
В Османской империи, как минимум, ещё в XVII веке кусочки мяса готовились на горизонтальном гриле, похожем на шашлык. Вертикальный гриль появился не позднее середины XIX века. Город Бурса в современной Турции обычно считается местом рождения döner kebap («поворачиваемого мяса») — мясной стружки из слоёного мяса, обжариваемого на вертикальном вертеле."	wiki/shaurma.jpg
Карпаччо	"Карпа́ччо (итал. Carpaccio) — блюдо из тонко нарезанных кусочков (слайсов) сырой говяжьей вырезки, приправленной соусом на основе оливкового масла и лимонa.
Традиционно подаётся как холодное блюдо или закуска."	wiki/karpachcho.jpg
Цезарь (салат)	«Цезарь» — овощной салат. Популярное блюдо американской кухни.	wiki/tsezar-salat.jpg
Рибай	"Рибай (англ. ribeye) — наиболее известный стейк в мире. Нарезается из отруба говядины толстый край с 6 по 12 ребро животного. Несмотря на то, что дословно «рибай» разбирается на «ребро» и «глаз» (англ. rib «ребро» + eye «глаз»), никакого отношения к рисунку, якобы напоминающему глаз, название не имеет. «Глаз» в данном случае обозначает центр лучшей вырезки без кости.
Отруб, из которого нарезается стейк, находится на пересечении 6 мышц, которые наименьшим образом задействованы в движении животного. Все это имеет принципиальное значение для вкусовых качеств стейка: множество жировых прослоек тают при приготовлении стейка, смягчая мышечные волокна, и мясо получается необычайно сочным, приобретая неповторимый утонченный вкус.
Классический рибай принято готовить из мраморной говядины зернового откорма.
Рибай на длинной, зачищенной реберной кости имеет название стейк томагавк."	wiki/ribaj.jpg
Ньокки	Ньо́кки (итал. gnocchi) — итальянские клёцки, обычно овальной формы. Чаще всего для их приготовления используются пшеничная мука, манная крупа, яйца, сыр, рикотта, картофель, шпинат, хлебные крошки. Ньокки небольших размеров называют «ньоккетти».Ньокки обычно подают в качестве первого блюда в сочетании с сыром, томатным соусом, песто или растопленным сливочным маслом. В супермаркетах и специализированных магазинах широко распространены замороженные, сушеные и свежие (в герметичных упаковках) ньокки. Однако в итальянских и италоамериканских домохозяйствах отдается предпочтение домашним ньокки.	wiki/nokki.jpg
Стейк	Стейк (от англ. steak — кусок мяса) — толстый кусок обжаренного мяса. Стейк из лучших частей говядины обычно называется просто стейком (иногда также бифштексом (англ. beef steak)).	wiki/stejk.jpg
Окрошка	"Окро́шка (от глагола крошить — мелко нареза́ть) — традиционное блюдо национальной русской кухни, холодный суп.
Рецепты окрошки появились ещё на заре русской кулинарной литературы, в конце XVIII века — в частности, в труде Николая Осипова «Старинная русская хозяйка, ключница и стряпуха», а родственное ей блюдо — ботвинья — упоминается ещё раньше, в «Домострое». Образ окрошки как символа эклектики («махистская окрошка») использует Ленин в работе «Материализм и эмпириокритицизм» (1908 год)."	wiki/okroshka.jpg
Джамбалайя	"Джамбалайя (англ. Jambalaya) — креольское блюдо на основе риса. Входит в кухню каджунов.
Есть версия, что название этого блюда происходит от французского jambon, означающего ветчину. Действительно, это блюдо в классическом варианте содержит ветчину или другие колбасы, но современные версии могут приготовляться и без ветчины, а например, с рыбой или морепродуктами.
Зачастую так переводят на английский язык слово «плов». Так как внешне они похожи, хотя являются разными блюдами."	wiki/dzhambalajya.jpg
Фаршированная рыба	"Фарширо́ванная ры́ба (идиш ‏געפֿילטע פֿיש‏‎ [гефи́лте фиш]) — традиционное рыбное блюдо еврейской кухни, состоящее из рыбьей кожи, начинённой фаршем из филе этой же самой рыбы, после чего полученная фаршированная рыба отваривается и подаётся нарезанной на ломти. Её стараются готовить из крупных пород рыбы. Существует множество рецептов.
Подают на закуску и как основное обеденное блюдо."	wiki/farshirovannaya-ryiba.jpg
Болоньезе	"Паста Болонье́зе (итал. Pasta alla bolognese), Соус Болоньезе фр. Sauce bolognaise) — итальянское блюдо, разновидность сервировки пасты, а также используемый при такой сервировке мясной соус.
Родиной соуса является итальянский город Болонья, что отражено в его названии. Историческим типом пасты для подачи с соусом болоньезе является тальятелле, однако сегодня, особенно за пределами Италии, болоньезе не реже сервируется со спагетти или другими типами макарон (в том числе, собственно с макаронами в узком значении).
В отличие от других популярных вариантов изготовления пасты, таких, как Карбонара, соус болоньезе может использоваться не только в сочетании с пастой, но и в сочетании с картофельным пюре, как наполнитель для лазаньи, а в некоторых случаях его сервируют отдельно, как рагу.
Рецепт Болоньезе, официально рекомендованный делегацией от Болоньи в Итальянской Академии Кухни (Accademia Italiana della Cucina) ограничивает состав блюда следующими ингредиентами: говядина, свинина, панчетта (итальянский бекон), лук, морковь, сельдерей, томаты, мясной бульон, белое или красное сухое вино, молоко.
В самом упрощённом варианте, болоньезе представляет собой мясной фарш в томатном соусе.
Gruppo Virtuale Cuochi Italiani (GVCI) — международная организация профессионалов в области итальянской кулинарии, которая каждый год организует Международный день итальянской кухни. В 2010 году тальятелле алла болоньезе было выбрано, как официальное блюдо этого праздника. Мероприятие состоялось 17 января 2010 года, в нём участвовало 450 поваров из 50 стран мира."	wiki/boloneze.jpg
Калепаче	"Калепаче (перс. کله پاچه‎, тал. кәллә-почә) — традиционное блюдо, распространённое на Среднем Востоке и Южном Кавказе. В разных странах калепаче готовят примерно одинаково, а название может немного отличаться. В Иране и Турции это блюдо называют «Калепаче», в арабских странах — «Бадже» (от перс. «Паче»), в Болгарии «Паче», а в Закавказье, в таких странах как Армения, Азербайджан и Грузия
его называют хаш. Хаш очень жирный и калорийный. Людям с высоким уровнем холестерина, мочевой кислоты и липидов, а также больные подагрой не рекомендуется употреблять это блюдо. Хаш готовится из бараньих (а в Закавказье из телячьих) ног, голов и внутренних органов. Также блюдо может содержать говяжьи (или телячьи) ушки, языки, глаза или мозги.
Приготовление хаша занимает довольно много времени. Иногда в него добавляют лимонный сок. В Иране хаш обычно подают в определённых ресторанах, которые называются «Калепази» или «Таббахи». Повара, готовящие хаш, почти всегда на работе. Утром повару доставляют ингредиенты, до обеда он подготавливает все необходимое для хаша, а до утра следующего дня блюдо готовится. По древней традиции, в последний вечер месяца Рамадана спрос на хаш особенно велик.
В 2013 году на археологической площадке Чало в провинции Северный Хорасан группа иранских и итальянских археологов обнаружила могилы, в которых были найдены глиняные сосуды с изображениями ног и голов. Возраст могил — от 3700 до 4200 лет. Как сообщают археологи, рядом с некоторыми телами были найдены чаши, на которых также просматриваются изображения ног и голов. Это показывает, что, скорее всего, эти люди любили калепаче, и поэтому после смерти он был преподнесён в качестве подарка."	wiki/kalepache.jpg
Соус	"Со́ус (от фр. sauce — подливка) — жидкая приправа к основному блюду и/или гарниру. Соусы придают более сочную консистенцию блюдам и повышают их калорийность. Многие соусы содержат специи и вкусовые вещества, которые действуют возбуждающе на органы пищеварения; яркая окраска соусов выгодно оттеняет цвета основных продуктов блюда.
Подливы могут быть и к сладким блюдам, к примеру сметана, или полужидкий кисель к сырникам, оладьям.

Соусы не только подают к готовым блюдам, но и используют в процессе их приготовления: многие продукты жарят в соусе или запекают под соусом. Специализированный сосуд для хранения соусов называется соусник.
Широко распространённые соусы: кетчуп, майонез, соевый соус, бешамель, ткемали, сацебели, сальса, рыбный соус, чесночный соус, грибной соус, тартар, Тысяча островов.
Собственно слово соус восходит к лат. salsus — «посоленый» (ср. «сальса»). К эпохе античного Рима относится и один из первых общеизвестных соусов — гарум.
Специально приготовленные подливки к жаркому упоминаются в русских письменных памятниках с XVI—XVII веков как «взвар», например, в «Росписи русским кушаньям». Слово «соус» пришло в русский язык из французского и поначалу означало не столько подливку, а скорее полноценное блюдо с подливкой. Например, в книге К. Авдеевой «Ручная книга русской опытной хозяйки» 1841 года в главе «Соусы» приводятся рецепты соуса из котлет, из гороха, из картофеля, из фасоли, кислой шинкованной капусты. По настоящее время блюдо из тушёного мяса с картофелем называют мясным соусом."	wiki/sous.jpg
Кебаб	"Кеба́б, каба́б, кябаб (азерб. kabab, кирг. кебеп, курд. kebab, тадж. кабоб, тур. kebap, уйг. kavap, на различных языках также kebob, kibob, kebhav, kephav, kebabie, cevap) (от перс. کباب‎, kabâb — «жареное мясо») — общее наименование популярных в странах Ближнего Востока, Закавказья и Центральной Азии блюд из жареного мяса.
В англоязычных странах кебабом принято называть шиш-кебаб (шашлык), подаваемый на шампуре, или дёнер-кебаб (шаверму, шаурму) — мясную стружку из слоёного мяса, обжариваемого на вертикальном вертеле.
На Ближнем Востоке, однако, разновидностей кебаба гораздо больше: жареный кебаб, кебаб на гриле, блюда из тушёных кусочков мяса разного размера и даже фарша. Кебаб подается в глубоких и мелких тарелках, а также в виде сэндвичей.
Традиционно используется баранина, но, в зависимости от местных традиций и обычаев, это может быть также говядина, козлятина, курятина или свинина, рыба и морепродукты; основой для вегетарианского кебаба служат тофу и фалафель. Как и другие блюда, привезенные путешественниками, кебаб стал частью повседневной кухни во многих странах мира.
Кебабом также называют блюда из тушеного мяса, такие как тас-кебаб (bowl kebab). В Египте кебабом-халла называют блюдо из тушёной говядины с луком."	wiki/kebab.jpg
Хашбраун	Хашбраун (англ. hash browns) — блюдо американской кухни, представляет собой мелко порезанный или тертый картофель, который обжаривается на сковороде, чаще всего в виде небольших оладий или котлет, иногда с добавлением лука. Является популярным блюдом для завтрака в Северной Америке и Великобритании, которое готовится как дома, так и в различных заведениях общественного питания, включая сети фастфуда. Выпускается также в замороженном, охлажденном и даже дегидрированном виде.	wiki/hashbraun.jpg
Севиче	"Севи́че (исп. ceviche, seviche или sebiche) — блюдо из рыбы или морепродуктов, родиной которого считается Перу. Блюдо получило распространение в кухнях многих латиноамериканских стран, хотя рецепты могут разниться значительно. Например, в Колумбии при приготовлении блюда используется томатная паста или кетчуп.
Оригинальный рецепт севиче представляет собой мелко нарезанную сырую рыбу различных сортов, маринованную в течение 15 минут в соке лайма. После этого к рыбе добавляют нарезанный кольцами красный лук и иногда рокото (острый перец из Перу). За счёт содержания лимонной кислоты в соке лайма происходит денатурация белков, содержащихся в рыбе.
Рецепт может варьироваться в зависимости от страны или региона. Так, к рыбе иногда добавляют различные морепродукты, в этом случае блюдо получает название Ceviche mixto. Если рыба и моллюски используются в сыром виде, то остальные морепродукты (осьминоги, кальмары и другие) предварительно отвариваются. Одними из самых распространённых вариантов являются Ceviche de conchas negras — севиче с чёрными гребешками, Ceviche de ostras — севиче с устрицами, а также Ceviche con camarones — севиче из креветок. Другими ингредиентами являются репчатый лук, стебли сельдерея, кинза, перец чили.
В Перу севиче обычно подают с бататом, поджаренной кукурузой или маниоком, в Эквадоре в качестве гарнира возможны также рис или чипсы из бананов-плантайнов или воздушная кукуруза. Как отдельное блюдо под названием «молоко тигра» также подается маринад из-под севиче, имеющий свойства афродизиака."	wiki/seviche.jpg
Тэрияки	"Тэрияки (яп. 照り焼き, テリヤキ) — традиционный японский способ обжарки с использованием распространённого в японской кухне сладкого соуса. Слово тэрияки происходит от существительного тэри (яп. 照り), означающего блеск, и яки (яп. 焼き) — жареное. Способ приготовления заключается в обжарке продуктов в соусе до карамелизации в нём сахара, который придаёт блюду блеск.
Соус для тэрияки готовят из соевого соуса с добавлением сахара, сакэ и/или мирина. Используется с мясными и рыбными блюдами.
За пределами Японии под тэрияки в основном понимают блюда, приготовленные просто с использованием сладкого соуса, или использующие соус как маринад. Нередко сам соус готовят с чесноком, специями и другими «западными» добавками."	wiki/teriyaki.jpg
Фуа-гра	"Фуа-гра́ (фр. foie gras «жирная печень») — специальным образом приготовленная печень откормленного гуся или утки. Слово несклоняемое, среднего рода.
По состоянию на 2007 год, лидирующими регионами производства фуа-гра во Франции стали: Аквитания (9000 тонн), Юг — Пиренеи (3840 тонн), Земли Луары (3500 тонн), за которыми, со значительно меньшими объёмами, следуют регионы Пуату — Шаранта и Бретань (4 %). В небольших объёмах производится в России."	wiki/fua-gra.jpg
Пибимпап	"Пибимпап, пибимпаб, пибимппап, бибимбаб, бибимбап или пибимбап (кор. 비빔밥) — одно из популярнейших блюд традиционной корейской кухни.
Пибимпап обычно сервируется в фарфоровой, медной, каменной, редко пластиковой или керамической глубокой посуде (кор. 돌솥, «тольсот» — каменный горшочек). Блюдо состоит из отварного белого риса, покрытого овощным салатом намуль, пасты из острого перца кочхуджан, сырого яйца или яичницы и тонко нарезанных кусочков мяса (обычно говядины).
Ингредиенты (рис, салаты из овощей, мясо и яйцо) перемешиваются непосредственно перед принятием пищи . Блюдо может быть подано как в холодном, так и горячем виде. Овощи, используемые для пибимппаба, представляют собой жюльен. Чаще всего это — огурцы, цуккини, дайкон, грибы, корни ширококолокольчика, шпинат, ростки соевых бобов, папоротник, листья салата, и т. д. Говядина может быть заменена курицей или морепродуктами, иногда с добавлением тофу (кор. 두부, тубу; среди корейцев, проживающих на территории СНГ, закрепилось название «туби», в русской литературе широко используется название «соевый творог» или «тофу»). Рис украшают овощами, располагая их по цветовому признаку (цвета должны дополнять друг друга и создавать композицию, возбуждающую аппетит), а яйцо кладут в центр блюда, покрывая мясо.

"	wiki/pibimpap.jpg
Гуляш	"Гуля́ш (венг. gulyás, гуя́ш) — национальное блюдо венгров: кусочки говядины или телятины, тушёные с копчёным шпиком, луком, перцем (паприкой) и картофелем. Блюдо относится к категории густых супов. Изначально суп с различными добавками был традиционной едой венгерских пастухов и готовился в котлах на костре.
Мясо предварительно надо обжарить в кастрюле или глубокой сковороде на свином сале с луком до образования румяной корочки. После этого в кастрюлю добавляется горячая вода, предварительно обжаренный картофель, томатная паста или свежие помидоры, сладкий перец, мука и доводится до готовности.
Гуляш широко известен в кухне казаков Юга России."	wiki/gulyash.jpg
Форшмак	"Форшма́к (нем. Vorschmack «закуска») — блюдо из сельди, запекаемой с картофелем, сметаной, луком и перцем, относящееся к закускам.
Форшма́к- является не только блюдом из сельди,но и может являться человеком например как в 1873 году Форшма́ком называли Польского Царя Арсен Алборов Анатольевич I 
В русской кухне известно под названием «тельное». Готовится как варёным, так и жареным. Подается в холодном или горячем виде. Впервые описано Василием Лёвшиным в «Русской поварне».
Форшмак из сельди относят к классической еврейской кухне. В нём часто не содержится мяса, однако в рецепт, помимо сельди, входят яйца, яблоко, лук, белый хлеб и маргарин.
Также широко распространён в немецкой, польской, шведской и финской кухнях.
В еврейской кухне это блюдо стало национальным, хотя первоначально оно было заимствовано из восточно-прусской кухни, где так называлась закуска из жареной сельди.
По прусской и шведской технологии форшмак подаётся горячим. В еврейской кухне форшмак трансформировался в холодную закуску из рубленой сельди.
Для приготовления форшмака исторически использовали сельдь самого низкого качества, так называемую «ржавую». Если форшмак подавался за молочной трапезой, селёдку разрешалось вымачивать в молоке.
Форшмак также бывает с говядиной, с бараниной, с обрезками от жаркого, с молоком, сметаной и сыром, с курицей, с грибами, с картошкой, с капустой, с творогом, с макаронами-рожками, со свёклой, с репой, с капустой кольраби, с артишоками, с майонезом, с горчицей, с томатной пастой — всё это с добавлением селёдки. Форшмак бывает без селёдки вовсе — например, из телячьих мозгов."	wiki/forshmak.jpg

